DateKey,Year,Date,Day,month,MonthShort,MonthNo,Quarter
20220101,2022,1/1/2022,Saturday,January,Jan,1,1
20220102,2022,2/1/2022,Sunday,January,Jan,1,1
20220103,2022,3/1/2022,Monday,January,Jan,1,1
20220104,2022,4/1/2022,Tuesday,January,Jan,1,1
20220105,2022,5/1/2022,Wednesday,January,Jan,1,1
20220106,2022,6/1/2022,Thursday,January,Jan,1,1
20220107,2022,7/1/2022,Friday,January,Jan,1,1
20220108,2022,8/1/2022,Saturday,January,Jan,1,1
20220109,2022,9/1/2022,Sunday,January,Jan,1,1
20220110,2022,10/1/2022,Monday,January,Jan,1,1
20220111,2022,11/1/2022,Tuesday,January,Jan,1,1
20220112,2022,12/1/2022,Wednesday,January,Jan,1,1
20220113,2022,13/1/2022,Thursday,January,Jan,1,1
20220114,2022,14/1/2022,Friday,January,Jan,1,1
20220115,2022,15/1/2022,Saturday,January,Jan,1,1
20220116,2022,16/1/2022,Sunday,January,Jan,1,1
20220117,2022,17/1/2022,Monday,January,Jan,1,1
20220118,2022,18/1/2022,Tuesday,January,Jan,1,1
20220119,2022,19/1/2022,Wednesday,January,Jan,1,1
20220120,2022,20/1/2022,Thursday,January,Jan,1,1
20220121,2022,21/1/2022,Friday,January,Jan,1,1
20220122,2022,22/1/2022,Saturday,January,Jan,1,1
20220123,2022,23/1/2022,Sunday,January,Jan,1,1
20220124,2022,24/1/2022,Monday,January,Jan,1,1
20220125,2022,25/1/2022,Tuesday,January,Jan,1,1
20220126,2022,26/1/2022,Wednesday,January,Jan,1,1
20220127,2022,27/1/2022,Thursday,January,Jan,1,1
20220128,2022,28/1/2022,Friday,January,Jan,1,1
20220129,2022,29/1/2022,Saturday,January,Jan,1,1
20220130,2022,30/1/2022,Sunday,January,Jan,1,1
20220131,2022,31/1/2022,Monday,January,Jan,1,1
20220201,2022,1/2/2022,Tuesday,February,Feb,2,1
20220202,2022,2/2/2022,Wednesday,February,Feb,2,1
20220203,2022,3/2/2022,Thursday,February,Feb,2,1
20220204,2022,4/2/2022,Friday,February,Feb,2,1
20220205,2022,5/2/2022,Saturday,February,Feb,2,1
20220206,2022,6/2/2022,Sunday,February,Feb,2,1
20220207,2022,7/2/2022,Monday,February,Feb,2,1
20220208,2022,8/2/2022,Tuesday,February,Feb,2,1
20220209,2022,9/2/2022,Wednesday,February,Feb,2,1
20220210,2022,10/2/2022,Thursday,February,Feb,2,1
20220211,2022,11/2/2022,Friday,February,Feb,2,1
20220212,2022,12/2/2022,Saturday,February,Feb,2,1
20220213,2022,13/2/2022,Sunday,February,Feb,2,1
20220214,2022,14/2/2022,Monday,February,Feb,2,1
20220215,2022,15/2/2022,Tuesday,February,Feb,2,1
20220216,2022,16/2/2022,Wednesday,February,Feb,2,1
20220217,2022,17/2/2022,Thursday,February,Feb,2,1
20220218,2022,18/2/2022,Friday,February,Feb,2,1
20220219,2022,19/2/2022,Saturday,February,Feb,2,1
20220220,2022,20/2/2022,Sunday,February,Feb,2,1
20220221,2022,21/2/2022,Monday,February,Feb,2,1
20220222,2022,22/2/2022,Tuesday,February,Feb,2,1
20220223,2022,23/2/2022,Wednesday,February,Feb,2,1
20220224,2022,24/2/2022,Thursday,February,Feb,2,1
20220225,2022,25/2/2022,Friday,February,Feb,2,1
20220226,2022,26/2/2022,Saturday,February,Feb,2,1
20220227,2022,27/2/2022,Sunday,February,Feb,2,1
20220228,2022,28/2/2022,Monday,February,Feb,2,1
20220301,2022,1/3/2022,Tuesday,March,Mar,3,1
20220302,2022,2/3/2022,Wednesday,March,Mar,3,1
20220303,2022,3/3/2022,Thursday,March,Mar,3,1
20220304,2022,4/3/2022,Friday,March,Mar,3,1
20220305,2022,5/3/2022,Saturday,March,Mar,3,1
20220306,2022,6/3/2022,Sunday,March,Mar,3,1
20220307,2022,7/3/2022,Monday,March,Mar,3,1
20220308,2022,8/3/2022,Tuesday,March,Mar,3,1
20220309,2022,9/3/2022,Wednesday,March,Mar,3,1
20220310,2022,10/3/2022,Thursday,March,Mar,3,1
20220311,2022,11/3/2022,Friday,March,Mar,3,1
20220312,2022,12/3/2022,Saturday,March,Mar,3,1
20220313,2022,13/3/2022,Sunday,March,Mar,3,1
20220314,2022,14/3/2022,Monday,March,Mar,3,1
20220315,2022,15/3/2022,Tuesday,March,Mar,3,1
20220316,2022,16/3/2022,Wednesday,March,Mar,3,1
20220317,2022,17/3/2022,Thursday,March,Mar,3,1
20220318,2022,18/3/2022,Friday,March,Mar,3,1
20220319,2022,19/3/2022,Saturday,March,Mar,3,1
20220320,2022,20/3/2022,Sunday,March,Mar,3,1
20220321,2022,21/3/2022,Monday,March,Mar,3,1
20220322,2022,22/3/2022,Tuesday,March,Mar,3,1
20220323,2022,23/3/2022,Wednesday,March,Mar,3,1
20220324,2022,24/3/2022,Thursday,March,Mar,3,1
20220325,2022,25/3/2022,Friday,March,Mar,3,1
20220326,2022,26/3/2022,Saturday,March,Mar,3,1
20220327,2022,27/3/2022,Sunday,March,Mar,3,1
20220328,2022,28/3/2022,Monday,March,Mar,3,1
20220329,2022,29/3/2022,Tuesday,March,Mar,3,1
20220330,2022,30/3/2022,Wednesday,March,Mar,3,1
20220331,2022,31/3/2022,Thursday,March,Mar,3,1
20220401,2022,1/4/2022,Friday,April,Apr,4,2
20220402,2022,2/4/2022,Saturday,April,Apr,4,2
20220403,2022,3/4/2022,Sunday,April,Apr,4,2
20220404,2022,4/4/2022,Monday,April,Apr,4,2
20220405,2022,5/4/2022,Tuesday,April,Apr,4,2
20220406,2022,6/4/2022,Wednesday,April,Apr,4,2
20220407,2022,7/4/2022,Thursday,April,Apr,4,2
20220408,2022,8/4/2022,Friday,April,Apr,4,2
20220409,2022,9/4/2022,Saturday,April,Apr,4,2
20220410,2022,10/4/2022,Sunday,April,Apr,4,2
20220411,2022,11/4/2022,Monday,April,Apr,4,2
20220412,2022,12/4/2022,Tuesday,April,Apr,4,2
20220413,2022,13/4/2022,Wednesday,April,Apr,4,2
20220414,2022,14/4/2022,Thursday,April,Apr,4,2
20220415,2022,15/4/2022,Friday,April,Apr,4,2
20220416,2022,16/4/2022,Saturday,April,Apr,4,2
20220417,2022,17/4/2022,Sunday,April,Apr,4,2
20220418,2022,18/4/2022,Monday,April,Apr,4,2
20220419,2022,19/4/2022,Tuesday,April,Apr,4,2
20220420,2022,20/4/2022,Wednesday,April,Apr,4,2
20220421,2022,21/4/2022,Thursday,April,Apr,4,2
20220422,2022,22/4/2022,Friday,April,Apr,4,2
20220423,2022,23/4/2022,Saturday,April,Apr,4,2
20220424,2022,24/4/2022,Sunday,April,Apr,4,2
20220425,2022,25/4/2022,Monday,April,Apr,4,2
20220426,2022,26/4/2022,Tuesday,April,Apr,4,2
20220427,2022,27/4/2022,Wednesday,April,Apr,4,2
20220428,2022,28/4/2022,Thursday,April,Apr,4,2
20220429,2022,29/4/2022,Friday,April,Apr,4,2
20220430,2022,30/4/2022,Saturday,April,Apr,4,2
20220501,2022,1/5/2022,Sunday,May,May,5,2
20220502,2022,2/5/2022,Monday,May,May,5,2
20220503,2022,3/5/2022,Tuesday,May,May,5,2
20220504,2022,4/5/2022,Wednesday,May,May,5,2
20220505,2022,5/5/2022,Thursday,May,May,5,2
20220506,2022,6/5/2022,Friday,May,May,5,2
20220507,2022,7/5/2022,Saturday,May,May,5,2
20220508,2022,8/5/2022,Sunday,May,May,5,2
20220509,2022,9/5/2022,Monday,May,May,5,2
20220510,2022,10/5/2022,Tuesday,May,May,5,2
20220511,2022,11/5/2022,Wednesday,May,May,5,2
20220512,2022,12/5/2022,Thursday,May,May,5,2
20220513,2022,13/5/2022,Friday,May,May,5,2
20220514,2022,14/5/2022,Saturday,May,May,5,2
20220515,2022,15/5/2022,Sunday,May,May,5,2
20220516,2022,16/5/2022,Monday,May,May,5,2
20220517,2022,17/5/2022,Tuesday,May,May,5,2
20220518,2022,18/5/2022,Wednesday,May,May,5,2
20220519,2022,19/5/2022,Thursday,May,May,5,2
20220520,2022,20/5/2022,Friday,May,May,5,2
20220521,2022,21/5/2022,Saturday,May,May,5,2
20220522,2022,22/5/2022,Sunday,May,May,5,2
20220523,2022,23/5/2022,Monday,May,May,5,2
20220524,2022,24/5/2022,Tuesday,May,May,5,2
20220525,2022,25/5/2022,Wednesday,May,May,5,2
20220526,2022,26/5/2022,Thursday,May,May,5,2
20220527,2022,27/5/2022,Friday,May,May,5,2
20220528,2022,28/5/2022,Saturday,May,May,5,2
20220529,2022,29/5/2022,Sunday,May,May,5,2
20220530,2022,30/5/2022,Monday,May,May,5,2
20220531,2022,31/5/2022,Tuesday,May,May,5,2
20220601,2022,1/6/2022,Wednesday,June,Jun,6,2
20220602,2022,2/6/2022,Thursday,June,Jun,6,2
20220603,2022,3/6/2022,Friday,June,Jun,6,2
20220604,2022,4/6/2022,Saturday,June,Jun,6,2
20220605,2022,5/6/2022,Sunday,June,Jun,6,2
20220606,2022,6/6/2022,Monday,June,Jun,6,2
20220607,2022,7/6/2022,Tuesday,June,Jun,6,2
20220608,2022,8/6/2022,Wednesday,June,Jun,6,2
20220609,2022,9/6/2022,Thursday,June,Jun,6,2
20220610,2022,10/6/2022,Friday,June,Jun,6,2
20220611,2022,11/6/2022,Saturday,June,Jun,6,2
20220612,2022,12/6/2022,Sunday,June,Jun,6,2
20220613,2022,13/6/2022,Monday,June,Jun,6,2
20220614,2022,14/6/2022,Tuesday,June,Jun,6,2
20220615,2022,15/6/2022,Wednesday,June,Jun,6,2
20220616,2022,16/6/2022,Thursday,June,Jun,6,2
20220617,2022,17/6/2022,Friday,June,Jun,6,2
20220618,2022,18/6/2022,Saturday,June,Jun,6,2
20220619,2022,19/6/2022,Sunday,June,Jun,6,2
20220620,2022,20/6/2022,Monday,June,Jun,6,2
20220621,2022,21/6/2022,Tuesday,June,Jun,6,2
20220622,2022,22/6/2022,Wednesday,June,Jun,6,2
20220623,2022,23/6/2022,Thursday,June,Jun,6,2
20220624,2022,24/6/2022,Friday,June,Jun,6,2
20220625,2022,25/6/2022,Saturday,June,Jun,6,2
20220626,2022,26/6/2022,Sunday,June,Jun,6,2
20220627,2022,27/6/2022,Monday,June,Jun,6,2
20220628,2022,28/6/2022,Tuesday,June,Jun,6,2
20220629,2022,29/6/2022,Wednesday,June,Jun,6,2
20220630,2022,30/6/2022,Thursday,June,Jun,6,2
20220701,2022,1/7/2022,Friday,July,Jul,7,3
20220702,2022,2/7/2022,Saturday,July,Jul,7,3
20220703,2022,3/7/2022,Sunday,July,Jul,7,3
20220704,2022,4/7/2022,Monday,July,Jul,7,3
20220705,2022,5/7/2022,Tuesday,July,Jul,7,3
20220706,2022,6/7/2022,Wednesday,July,Jul,7,3
20220707,2022,7/7/2022,Thursday,July,Jul,7,3
20220708,2022,8/7/2022,Friday,July,Jul,7,3
20220709,2022,9/7/2022,Saturday,July,Jul,7,3
20220710,2022,10/7/2022,Sunday,July,Jul,7,3
20220711,2022,11/7/2022,Monday,July,Jul,7,3
20220712,2022,12/7/2022,Tuesday,July,Jul,7,3
20220713,2022,13/7/2022,Wednesday,July,Jul,7,3
20220714,2022,14/7/2022,Thursday,July,Jul,7,3
20220715,2022,15/7/2022,Friday,July,Jul,7,3
20220716,2022,16/7/2022,Saturday,July,Jul,7,3
20220717,2022,17/7/2022,Sunday,July,Jul,7,3
20220718,2022,18/7/2022,Monday,July,Jul,7,3
20220719,2022,19/7/2022,Tuesday,July,Jul,7,3
20220720,2022,20/7/2022,Wednesday,July,Jul,7,3
20220721,2022,21/7/2022,Thursday,July,Jul,7,3
20220722,2022,22/7/2022,Friday,July,Jul,7,3
20220723,2022,23/7/2022,Saturday,July,Jul,7,3
20220724,2022,24/7/2022,Sunday,July,Jul,7,3
20220725,2022,25/7/2022,Monday,July,Jul,7,3
20220726,2022,26/7/2022,Tuesday,July,Jul,7,3
20220727,2022,27/7/2022,Wednesday,July,Jul,7,3
20220728,2022,28/7/2022,Thursday,July,Jul,7,3
20220729,2022,29/7/2022,Friday,July,Jul,7,3
20220730,2022,30/7/2022,Saturday,July,Jul,7,3
20220731,2022,31/7/2022,Sunday,July,Jul,7,3
20220801,2022,1/8/2022,Monday,August,Aug,8,3
20220802,2022,2/8/2022,Tuesday,August,Aug,8,3
20220803,2022,3/8/2022,Wednesday,August,Aug,8,3
20220804,2022,4/8/2022,Thursday,August,Aug,8,3
20220805,2022,5/8/2022,Friday,August,Aug,8,3
20220806,2022,6/8/2022,Saturday,August,Aug,8,3
20220807,2022,7/8/2022,Sunday,August,Aug,8,3
20220808,2022,8/8/2022,Monday,August,Aug,8,3
20220809,2022,9/8/2022,Tuesday,August,Aug,8,3
20220810,2022,10/8/2022,Wednesday,August,Aug,8,3
20220811,2022,11/8/2022,Thursday,August,Aug,8,3
20220812,2022,12/8/2022,Friday,August,Aug,8,3
20220813,2022,13/8/2022,Saturday,August,Aug,8,3
20220814,2022,14/8/2022,Sunday,August,Aug,8,3
20220815,2022,15/8/2022,Monday,August,Aug,8,3
20220816,2022,16/8/2022,Tuesday,August,Aug,8,3
20220817,2022,17/8/2022,Wednesday,August,Aug,8,3
20220818,2022,18/8/2022,Thursday,August,Aug,8,3
20220819,2022,19/8/2022,Friday,August,Aug,8,3
20220820,2022,20/8/2022,Saturday,August,Aug,8,3
20220821,2022,21/8/2022,Sunday,August,Aug,8,3
20220822,2022,22/8/2022,Monday,August,Aug,8,3
20220823,2022,23/8/2022,Tuesday,August,Aug,8,3
20220824,2022,24/8/2022,Wednesday,August,Aug,8,3
20220825,2022,25/8/2022,Thursday,August,Aug,8,3
20220826,2022,26/8/2022,Friday,August,Aug,8,3
20220827,2022,27/8/2022,Saturday,August,Aug,8,3
20220828,2022,28/8/2022,Sunday,August,Aug,8,3
20220829,2022,29/8/2022,Monday,August,Aug,8,3
20220830,2022,30/8/2022,Tuesday,August,Aug,8,3
20220831,2022,31/8/2022,Wednesday,August,Aug,8,3
20220901,2022,1/9/2022,Thursday,September,Sep,9,3
20220902,2022,2/9/2022,Friday,September,Sep,9,3
20220903,2022,3/9/2022,Saturday,September,Sep,9,3
20220904,2022,4/9/2022,Sunday,September,Sep,9,3
20220905,2022,5/9/2022,Monday,September,Sep,9,3
20220906,2022,6/9/2022,Tuesday,September,Sep,9,3
20220907,2022,7/9/2022,Wednesday,September,Sep,9,3
20220908,2022,8/9/2022,Thursday,September,Sep,9,3
20220909,2022,9/9/2022,Friday,September,Sep,9,3
20220910,2022,10/9/2022,Saturday,September,Sep,9,3
20220911,2022,11/9/2022,Sunday,September,Sep,9,3
20220912,2022,12/9/2022,Monday,September,Sep,9,3
20220913,2022,13/9/2022,Tuesday,September,Sep,9,3
20220914,2022,14/9/2022,Wednesday,September,Sep,9,3
20220915,2022,15/9/2022,Thursday,September,Sep,9,3
20220916,2022,16/9/2022,Friday,September,Sep,9,3
20220917,2022,17/9/2022,Saturday,September,Sep,9,3
20220918,2022,18/9/2022,Sunday,September,Sep,9,3
20220919,2022,19/9/2022,Monday,September,Sep,9,3
20220920,2022,20/9/2022,Tuesday,September,Sep,9,3
20220921,2022,21/9/2022,Wednesday,September,Sep,9,3
20220922,2022,22/9/2022,Thursday,September,Sep,9,3
20220923,2022,23/9/2022,Friday,September,Sep,9,3
20220924,2022,24/9/2022,Saturday,September,Sep,9,3
20220925,2022,25/9/2022,Sunday,September,Sep,9,3
20220926,2022,26/9/2022,Monday,September,Sep,9,3
20220927,2022,27/9/2022,Tuesday,September,Sep,9,3
20220928,2022,28/9/2022,Wednesday,September,Sep,9,3
20220929,2022,29/9/2022,Thursday,September,Sep,9,3
20220930,2022,30/9/2022,Friday,September,Sep,9,3
20221001,2022,1/10/2022,Saturday,October,Oct,10,4
20221002,2022,2/10/2022,Sunday,October,Oct,10,4
20221003,2022,3/10/2022,Monday,October,Oct,10,4
20221004,2022,4/10/2022,Tuesday,October,Oct,10,4
20221005,2022,5/10/2022,Wednesday,October,Oct,10,4
20221006,2022,6/10/2022,Thursday,October,Oct,10,4
20221007,2022,7/10/2022,Friday,October,Oct,10,4
20221008,2022,8/10/2022,Saturday,October,Oct,10,4
20221009,2022,9/10/2022,Sunday,October,Oct,10,4
20221010,2022,10/10/2022,Monday,October,Oct,10,4
20221011,2022,11/10/2022,Tuesday,October,Oct,10,4
20221012,2022,12/10/2022,Wednesday,October,Oct,10,4
20221013,2022,13/10/2022,Thursday,October,Oct,10,4
20221014,2022,14/10/2022,Friday,October,Oct,10,4
20221015,2022,15/10/2022,Saturday,October,Oct,10,4
20221016,2022,16/10/2022,Sunday,October,Oct,10,4
20221017,2022,17/10/2022,Monday,October,Oct,10,4
20221018,2022,18/10/2022,Tuesday,October,Oct,10,4
20221019,2022,19/10/2022,Wednesday,October,Oct,10,4
20221020,2022,20/10/2022,Thursday,October,Oct,10,4
20221021,2022,21/10/2022,Friday,October,Oct,10,4
20221022,2022,22/10/2022,Saturday,October,Oct,10,4
20221023,2022,23/10/2022,Sunday,October,Oct,10,4
20221024,2022,24/10/2022,Monday,October,Oct,10,4
20221025,2022,25/10/2022,Tuesday,October,Oct,10,4
20221026,2022,26/10/2022,Wednesday,October,Oct,10,4
20221027,2022,27/10/2022,Thursday,October,Oct,10,4
20221028,2022,28/10/2022,Friday,October,Oct,10,4
20221029,2022,29/10/2022,Saturday,October,Oct,10,4
20221030,2022,30/10/2022,Sunday,October,Oct,10,4
20221031,2022,31/10/2022,Monday,October,Oct,10,4
20221101,2022,1/11/2022,Tuesday,November,Nov,11,4
20221102,2022,2/11/2022,Wednesday,November,Nov,11,4
20221103,2022,3/11/2022,Thursday,November,Nov,11,4
20221104,2022,4/11/2022,Friday,November,Nov,11,4
20221105,2022,5/11/2022,Saturday,November,Nov,11,4
20221106,2022,6/11/2022,Sunday,November,Nov,11,4
20221107,2022,7/11/2022,Monday,November,Nov,11,4
20221108,2022,8/11/2022,Tuesday,November,Nov,11,4
20221109,2022,9/11/2022,Wednesday,November,Nov,11,4
20221110,2022,10/11/2022,Thursday,November,Nov,11,4
20221111,2022,11/11/2022,Friday,November,Nov,11,4
20221112,2022,12/11/2022,Saturday,November,Nov,11,4
20221113,2022,13/11/2022,Sunday,November,Nov,11,4
20221114,2022,14/11/2022,Monday,November,Nov,11,4
20221115,2022,15/11/2022,Tuesday,November,Nov,11,4
20221116,2022,16/11/2022,Wednesday,November,Nov,11,4
20221117,2022,17/11/2022,Thursday,November,Nov,11,4
20221118,2022,18/11/2022,Friday,November,Nov,11,4
20221119,2022,19/11/2022,Saturday,November,Nov,11,4
20221120,2022,20/11/2022,Sunday,November,Nov,11,4
20221121,2022,21/11/2022,Monday,November,Nov,11,4
20221122,2022,22/11/2022,Tuesday,November,Nov,11,4
20221123,2022,23/11/2022,Wednesday,November,Nov,11,4
20221124,2022,24/11/2022,Thursday,November,Nov,11,4
20221125,2022,25/11/2022,Friday,November,Nov,11,4
20221126,2022,26/11/2022,Saturday,November,Nov,11,4
20221127,2022,27/11/2022,Sunday,November,Nov,11,4
20221128,2022,28/11/2022,Monday,November,Nov,11,4
20221129,2022,29/11/2022,Tuesday,November,Nov,11,4
20221130,2022,30/11/2022,Wednesday,November,Nov,11,4
20221201,2022,1/12/2022,Thursday,December,Dec,12,4
20221202,2022,2/12/2022,Friday,December,Dec,12,4
20221203,2022,3/12/2022,Saturday,December,Dec,12,4
20221204,2022,4/12/2022,Sunday,December,Dec,12,4
20221205,2022,5/12/2022,Monday,December,Dec,12,4
20221206,2022,6/12/2022,Tuesday,December,Dec,12,4
20221207,2022,7/12/2022,Wednesday,December,Dec,12,4
20221208,2022,8/12/2022,Thursday,December,Dec,12,4
20221209,2022,9/12/2022,Friday,December,Dec,12,4
20221210,2022,10/12/2022,Saturday,December,Dec,12,4
20221211,2022,11/12/2022,Sunday,December,Dec,12,4
20221212,2022,12/12/2022,Monday,December,Dec,12,4
20221213,2022,13/12/2022,Tuesday,December,Dec,12,4
20221214,2022,14/12/2022,Wednesday,December,Dec,12,4
20221215,2022,15/12/2022,Thursday,December,Dec,12,4
20221216,2022,16/12/2022,Friday,December,Dec,12,4
20221217,2022,17/12/2022,Saturday,December,Dec,12,4
20221218,2022,18/12/2022,Sunday,December,Dec,12,4
20221219,2022,19/12/2022,Monday,December,Dec,12,4
20221220,2022,20/12/2022,Tuesday,December,Dec,12,4
20221221,2022,21/12/2022,Wednesday,December,Dec,12,4
20221222,2022,22/12/2022,Thursday,December,Dec,12,4
20221223,2022,23/12/2022,Friday,December,Dec,12,4
20221224,2022,24/12/2022,Saturday,December,Dec,12,4
20221225,2022,25/12/2022,Sunday,December,Dec,12,4
20221226,2022,26/12/2022,Monday,December,Dec,12,4
20221227,2022,27/12/2022,Tuesday,December,Dec,12,4
20221228,2022,28/12/2022,Wednesday,December,Dec,12,4
20221229,2022,29/12/2022,Thursday,December,Dec,12,4
20221230,2022,30/12/2022,Friday,December,Dec,12,4
20221231,2022,31/12/2022,Saturday,December,Dec,12,4
20230101,2023,1/1/2023,Sunday,January,Jan,1,1
20230102,2023,2/1/2023,Monday,January,Jan,1,1
20230103,2023,3/1/2023,Tuesday,January,Jan,1,1
20230104,2023,4/1/2023,Wednesday,January,Jan,1,1
20230105,2023,5/1/2023,Thursday,January,Jan,1,1
20230106,2023,6/1/2023,Friday,January,Jan,1,1
20230107,2023,7/1/2023,Saturday,January,Jan,1,1
20230108,2023,8/1/2023,Sunday,January,Jan,1,1
20230109,2023,9/1/2023,Monday,January,Jan,1,1
20230110,2023,10/1/2023,Tuesday,January,Jan,1,1
20230111,2023,11/1/2023,Wednesday,January,Jan,1,1
20230112,2023,12/1/2023,Thursday,January,Jan,1,1
20230113,2023,13/1/2023,Friday,January,Jan,1,1
20230114,2023,14/1/2023,Saturday,January,Jan,1,1
20230115,2023,15/1/2023,Sunday,January,Jan,1,1
20230116,2023,16/1/2023,Monday,January,Jan,1,1
20230117,2023,17/1/2023,Tuesday,January,Jan,1,1
20230118,2023,18/1/2023,Wednesday,January,Jan,1,1
20230119,2023,19/1/2023,Thursday,January,Jan,1,1
20230120,2023,20/1/2023,Friday,January,Jan,1,1
20230121,2023,21/1/2023,Saturday,January,Jan,1,1
20230122,2023,22/1/2023,Sunday,January,Jan,1,1
20230123,2023,23/1/2023,Monday,January,Jan,1,1
20230124,2023,24/1/2023,Tuesday,January,Jan,1,1
20230125,2023,25/1/2023,Wednesday,January,Jan,1,1
20230126,2023,26/1/2023,Thursday,January,Jan,1,1
20230127,2023,27/1/2023,Friday,January,Jan,1,1
20230128,2023,28/1/2023,Saturday,January,Jan,1,1
20230129,2023,29/1/2023,Sunday,January,Jan,1,1
20230130,2023,30/1/2023,Monday,January,Jan,1,1
20230131,2023,31/1/2023,Tuesday,January,Jan,1,1
20230201,2023,1/2/2023,Wednesday,February,Feb,2,1
20230202,2023,2/2/2023,Thursday,February,Feb,2,1
20230203,2023,3/2/2023,Friday,February,Feb,2,1
20230204,2023,4/2/2023,Saturday,February,Feb,2,1
20230205,2023,5/2/2023,Sunday,February,Feb,2,1
20230206,2023,6/2/2023,Monday,February,Feb,2,1
20230207,2023,7/2/2023,Tuesday,February,Feb,2,1
20230208,2023,8/2/2023,Wednesday,February,Feb,2,1
20230209,2023,9/2/2023,Thursday,February,Feb,2,1
20230210,2023,10/2/2023,Friday,February,Feb,2,1
20230211,2023,11/2/2023,Saturday,February,Feb,2,1
20230212,2023,12/2/2023,Sunday,February,Feb,2,1
20230213,2023,13/2/2023,Monday,February,Feb,2,1
20230214,2023,14/2/2023,Tuesday,February,Feb,2,1
20230215,2023,15/2/2023,Wednesday,February,Feb,2,1
20230216,2023,16/2/2023,Thursday,February,Feb,2,1
20230217,2023,17/2/2023,Friday,February,Feb,2,1
20230218,2023,18/2/2023,Saturday,February,Feb,2,1
20230219,2023,19/2/2023,Sunday,February,Feb,2,1
20230220,2023,20/2/2023,Monday,February,Feb,2,1
20230221,2023,21/2/2023,Tuesday,February,Feb,2,1
20230222,2023,22/2/2023,Wednesday,February,Feb,2,1
20230223,2023,23/2/2023,Thursday,February,Feb,2,1
20230224,2023,24/2/2023,Friday,February,Feb,2,1
20230225,2023,25/2/2023,Saturday,February,Feb,2,1
20230226,2023,26/2/2023,Sunday,February,Feb,2,1
20230227,2023,27/2/2023,Monday,February,Feb,2,1
20230228,2023,28/2/2023,Tuesday,February,Feb,2,1
20230301,2023,1/3/2023,Wednesday,March,Mar,3,1
20230302,2023,2/3/2023,Thursday,March,Mar,3,1
20230303,2023,3/3/2023,Friday,March,Mar,3,1
20230304,2023,4/3/2023,Saturday,March,Mar,3,1
20230305,2023,5/3/2023,Sunday,March,Mar,3,1
20230306,2023,6/3/2023,Monday,March,Mar,3,1
20230307,2023,7/3/2023,Tuesday,March,Mar,3,1
20230308,2023,8/3/2023,Wednesday,March,Mar,3,1
20230309,2023,9/3/2023,Thursday,March,Mar,3,1
20230310,2023,10/3/2023,Friday,March,Mar,3,1
20230311,2023,11/3/2023,Saturday,March,Mar,3,1
20230312,2023,12/3/2023,Sunday,March,Mar,3,1
20230313,2023,13/3/2023,Monday,March,Mar,3,1
20230314,2023,14/3/2023,Tuesday,March,Mar,3,1
20230315,2023,15/3/2023,Wednesday,March,Mar,3,1
20230316,2023,16/3/2023,Thursday,March,Mar,3,1
20230317,2023,17/3/2023,Friday,March,Mar,3,1
20230318,2023,18/3/2023,Saturday,March,Mar,3,1
20230319,2023,19/3/2023,Sunday,March,Mar,3,1
20230320,2023,20/3/2023,Monday,March,Mar,3,1
20230321,2023,21/3/2023,Tuesday,March,Mar,3,1
20230322,2023,22/3/2023,Wednesday,March,Mar,3,1
20230323,2023,23/3/2023,Thursday,March,Mar,3,1
20230324,2023,24/3/2023,Friday,March,Mar,3,1
20230325,2023,25/3/2023,Saturday,March,Mar,3,1
20230326,2023,26/3/2023,Sunday,March,Mar,3,1
20230327,2023,27/3/2023,Monday,March,Mar,3,1
20230328,2023,28/3/2023,Tuesday,March,Mar,3,1
20230329,2023,29/3/2023,Wednesday,March,Mar,3,1
20230330,2023,30/3/2023,Thursday,March,Mar,3,1
20230331,2023,31/3/2023,Friday,March,Mar,3,1
20230401,2023,1/4/2023,Saturday,April,Apr,4,2
20230402,2023,2/4/2023,Sunday,April,Apr,4,2
20230403,2023,3/4/2023,Monday,April,Apr,4,2
20230404,2023,4/4/2023,Tuesday,April,Apr,4,2
20230405,2023,5/4/2023,Wednesday,April,Apr,4,2
20230406,2023,6/4/2023,Thursday,April,Apr,4,2
20230407,2023,7/4/2023,Friday,April,Apr,4,2
20230408,2023,8/4/2023,Saturday,April,Apr,4,2
20230409,2023,9/4/2023,Sunday,April,Apr,4,2
20230410,2023,10/4/2023,Monday,April,Apr,4,2
20230411,2023,11/4/2023,Tuesday,April,Apr,4,2
20230412,2023,12/4/2023,Wednesday,April,Apr,4,2
20230413,2023,13/4/2023,Thursday,April,Apr,4,2
20230414,2023,14/4/2023,Friday,April,Apr,4,2
20230415,2023,15/4/2023,Saturday,April,Apr,4,2
20230416,2023,16/4/2023,Sunday,April,Apr,4,2
20230417,2023,17/4/2023,Monday,April,Apr,4,2
20230418,2023,18/4/2023,Tuesday,April,Apr,4,2
20230419,2023,19/4/2023,Wednesday,April,Apr,4,2
20230420,2023,20/4/2023,Thursday,April,Apr,4,2
20230421,2023,21/4/2023,Friday,April,Apr,4,2
20230422,2023,22/4/2023,Saturday,April,Apr,4,2
20230423,2023,23/4/2023,Sunday,April,Apr,4,2
20230424,2023,24/4/2023,Monday,April,Apr,4,2
20230425,2023,25/4/2023,Tuesday,April,Apr,4,2
20230426,2023,26/4/2023,Wednesday,April,Apr,4,2
20230427,2023,27/4/2023,Thursday,April,Apr,4,2
20230428,2023,28/4/2023,Friday,April,Apr,4,2
20230429,2023,29/4/2023,Saturday,April,Apr,4,2
20230430,2023,30/4/2023,Sunday,April,Apr,4,2
20230501,2023,1/5/2023,Monday,May,May,5,2
20230502,2023,2/5/2023,Tuesday,May,May,5,2
20230503,2023,3/5/2023,Wednesday,May,May,5,2
20230504,2023,4/5/2023,Thursday,May,May,5,2
20230505,2023,5/5/2023,Friday,May,May,5,2
20230506,2023,6/5/2023,Saturday,May,May,5,2
20230507,2023,7/5/2023,Sunday,May,May,5,2
20230508,2023,8/5/2023,Monday,May,May,5,2
20230509,2023,9/5/2023,Tuesday,May,May,5,2
20230510,2023,10/5/2023,Wednesday,May,May,5,2
20230511,2023,11/5/2023,Thursday,May,May,5,2
20230512,2023,12/5/2023,Friday,May,May,5,2
20230513,2023,13/5/2023,Saturday,May,May,5,2
20230514,2023,14/5/2023,Sunday,May,May,5,2
20230515,2023,15/5/2023,Monday,May,May,5,2
20230516,2023,16/5/2023,Tuesday,May,May,5,2
20230517,2023,17/5/2023,Wednesday,May,May,5,2
20230518,2023,18/5/2023,Thursday,May,May,5,2
20230519,2023,19/5/2023,Friday,May,May,5,2
20230520,2023,20/5/2023,Saturday,May,May,5,2
20230521,2023,21/5/2023,Sunday,May,May,5,2
20230522,2023,22/5/2023,Monday,May,May,5,2
20230523,2023,23/5/2023,Tuesday,May,May,5,2
20230524,2023,24/5/2023,Wednesday,May,May,5,2
20230525,2023,25/5/2023,Thursday,May,May,5,2
20230526,2023,26/5/2023,Friday,May,May,5,2
20230527,2023,27/5/2023,Saturday,May,May,5,2
20230528,2023,28/5/2023,Sunday,May,May,5,2
20230529,2023,29/5/2023,Monday,May,May,5,2
20230530,2023,30/5/2023,Tuesday,May,May,5,2
20230531,2023,31/5/2023,Wednesday,May,May,5,2
20230601,2023,1/6/2023,Thursday,June,Jun,6,2
20230602,2023,2/6/2023,Friday,June,Jun,6,2
20230603,2023,3/6/2023,Saturday,June,Jun,6,2
20230604,2023,4/6/2023,Sunday,June,Jun,6,2
20230605,2023,5/6/2023,Monday,June,Jun,6,2
20230606,2023,6/6/2023,Tuesday,June,Jun,6,2
20230607,2023,7/6/2023,Wednesday,June,Jun,6,2
20230608,2023,8/6/2023,Thursday,June,Jun,6,2
20230609,2023,9/6/2023,Friday,June,Jun,6,2
20230610,2023,10/6/2023,Saturday,June,Jun,6,2
20230611,2023,11/6/2023,Sunday,June,Jun,6,2
20230612,2023,12/6/2023,Monday,June,Jun,6,2
20230613,2023,13/6/2023,Tuesday,June,Jun,6,2
20230614,2023,14/6/2023,Wednesday,June,Jun,6,2
20230615,2023,15/6/2023,Thursday,June,Jun,6,2
20230616,2023,16/6/2023,Friday,June,Jun,6,2
20230617,2023,17/6/2023,Saturday,June,Jun,6,2
20230618,2023,18/6/2023,Sunday,June,Jun,6,2
20230619,2023,19/6/2023,Monday,June,Jun,6,2
20230620,2023,20/6/2023,Tuesday,June,Jun,6,2
20230621,2023,21/6/2023,Wednesday,June,Jun,6,2
20230622,2023,22/6/2023,Thursday,June,Jun,6,2
20230623,2023,23/6/2023,Friday,June,Jun,6,2
20230624,2023,24/6/2023,Saturday,June,Jun,6,2
20230625,2023,25/6/2023,Sunday,June,Jun,6,2
20230626,2023,26/6/2023,Monday,June,Jun,6,2
20230627,2023,27/6/2023,Tuesday,June,Jun,6,2
20230628,2023,28/6/2023,Wednesday,June,Jun,6,2
20230629,2023,29/6/2023,Thursday,June,Jun,6,2
20230630,2023,30/6/2023,Friday,June,Jun,6,2
20230701,2023,1/7/2023,Saturday,July,Jul,7,3
20230702,2023,2/7/2023,Sunday,July,Jul,7,3
20230703,2023,3/7/2023,Monday,July,Jul,7,3
20230704,2023,4/7/2023,Tuesday,July,Jul,7,3
20230705,2023,5/7/2023,Wednesday,July,Jul,7,3
20230706,2023,6/7/2023,Thursday,July,Jul,7,3
20230707,2023,7/7/2023,Friday,July,Jul,7,3
20230708,2023,8/7/2023,Saturday,July,Jul,7,3
20230709,2023,9/7/2023,Sunday,July,Jul,7,3
20230710,2023,10/7/2023,Monday,July,Jul,7,3
20230711,2023,11/7/2023,Tuesday,July,Jul,7,3
20230712,2023,12/7/2023,Wednesday,July,Jul,7,3
20230713,2023,13/7/2023,Thursday,July,Jul,7,3
20230714,2023,14/7/2023,Friday,July,Jul,7,3
20230715,2023,15/7/2023,Saturday,July,Jul,7,3
20230716,2023,16/7/2023,Sunday,July,Jul,7,3
20230717,2023,17/7/2023,Monday,July,Jul,7,3
20230718,2023,18/7/2023,Tuesday,July,Jul,7,3
20230719,2023,19/7/2023,Wednesday,July,Jul,7,3
20230720,2023,20/7/2023,Thursday,July,Jul,7,3
20230721,2023,21/7/2023,Friday,July,Jul,7,3
20230722,2023,22/7/2023,Saturday,July,Jul,7,3
20230723,2023,23/7/2023,Sunday,July,Jul,7,3
20230724,2023,24/7/2023,Monday,July,Jul,7,3
20230725,2023,25/7/2023,Tuesday,July,Jul,7,3
20230726,2023,26/7/2023,Wednesday,July,Jul,7,3
20230727,2023,27/7/2023,Thursday,July,Jul,7,3
20230728,2023,28/7/2023,Friday,July,Jul,7,3
20230729,2023,29/7/2023,Saturday,July,Jul,7,3
20230730,2023,30/7/2023,Sunday,July,Jul,7,3
20230731,2023,31/7/2023,Monday,July,Jul,7,3
20230801,2023,1/8/2023,Tuesday,August,Aug,8,3
20230802,2023,2/8/2023,Wednesday,August,Aug,8,3
20230803,2023,3/8/2023,Thursday,August,Aug,8,3
20230804,2023,4/8/2023,Friday,August,Aug,8,3
20230805,2023,5/8/2023,Saturday,August,Aug,8,3
20230806,2023,6/8/2023,Sunday,August,Aug,8,3
20230807,2023,7/8/2023,Monday,August,Aug,8,3
20230808,2023,8/8/2023,Tuesday,August,Aug,8,3
20230809,2023,9/8/2023,Wednesday,August,Aug,8,3
20230810,2023,10/8/2023,Thursday,August,Aug,8,3
20230811,2023,11/8/2023,Friday,August,Aug,8,3
20230812,2023,12/8/2023,Saturday,August,Aug,8,3
20230813,2023,13/8/2023,Sunday,August,Aug,8,3
20230814,2023,14/8/2023,Monday,August,Aug,8,3
20230815,2023,15/8/2023,Tuesday,August,Aug,8,3
20230816,2023,16/8/2023,Wednesday,August,Aug,8,3
20230817,2023,17/8/2023,Thursday,August,Aug,8,3
20230818,2023,18/8/2023,Friday,August,Aug,8,3
20230819,2023,19/8/2023,Saturday,August,Aug,8,3
20230820,2023,20/8/2023,Sunday,August,Aug,8,3
20230821,2023,21/8/2023,Monday,August,Aug,8,3
20230822,2023,22/8/2023,Tuesday,August,Aug,8,3
20230823,2023,23/8/2023,Wednesday,August,Aug,8,3
20230824,2023,24/8/2023,Thursday,August,Aug,8,3
20230825,2023,25/8/2023,Friday,August,Aug,8,3
20230826,2023,26/8/2023,Saturday,August,Aug,8,3
20230827,2023,27/8/2023,Sunday,August,Aug,8,3
20230828,2023,28/8/2023,Monday,August,Aug,8,3
20230829,2023,29/8/2023,Tuesday,August,Aug,8,3
20230830,2023,30/8/2023,Wednesday,August,Aug,8,3
20230831,2023,31/8/2023,Thursday,August,Aug,8,3
20230901,2023,1/9/2023,Friday,September,Sep,9,3
20230902,2023,2/9/2023,Saturday,September,Sep,9,3
20230903,2023,3/9/2023,Sunday,September,Sep,9,3
20230904,2023,4/9/2023,Monday,September,Sep,9,3
20230905,2023,5/9/2023,Tuesday,September,Sep,9,3
20230906,2023,6/9/2023,Wednesday,September,Sep,9,3
20230907,2023,7/9/2023,Thursday,September,Sep,9,3
20230908,2023,8/9/2023,Friday,September,Sep,9,3
20230909,2023,9/9/2023,Saturday,September,Sep,9,3
20230910,2023,10/9/2023,Sunday,September,Sep,9,3
20230911,2023,11/9/2023,Monday,September,Sep,9,3
20230912,2023,12/9/2023,Tuesday,September,Sep,9,3
20230913,2023,13/9/2023,Wednesday,September,Sep,9,3
20230914,2023,14/9/2023,Thursday,September,Sep,9,3
20230915,2023,15/9/2023,Friday,September,Sep,9,3
20230916,2023,16/9/2023,Saturday,September,Sep,9,3
20230917,2023,17/9/2023,Sunday,September,Sep,9,3
20230918,2023,18/9/2023,Monday,September,Sep,9,3
20230919,2023,19/9/2023,Tuesday,September,Sep,9,3
20230920,2023,20/9/2023,Wednesday,September,Sep,9,3
20230921,2023,21/9/2023,Thursday,September,Sep,9,3
20230922,2023,22/9/2023,Friday,September,Sep,9,3
20230923,2023,23/9/2023,Saturday,September,Sep,9,3
20230924,2023,24/9/2023,Sunday,September,Sep,9,3
20230925,2023,25/9/2023,Monday,September,Sep,9,3
20230926,2023,26/9/2023,Tuesday,September,Sep,9,3
20230927,2023,27/9/2023,Wednesday,September,Sep,9,3
20230928,2023,28/9/2023,Thursday,September,Sep,9,3
20230929,2023,29/9/2023,Friday,September,Sep,9,3
20230930,2023,30/9/2023,Saturday,September,Sep,9,3
20231001,2023,1/10/2023,Sunday,October,Oct,10,4
20231002,2023,2/10/2023,Monday,October,Oct,10,4
20231003,2023,3/10/2023,Tuesday,October,Oct,10,4
20231004,2023,4/10/2023,Wednesday,October,Oct,10,4
20231005,2023,5/10/2023,Thursday,October,Oct,10,4
20231006,2023,6/10/2023,Friday,October,Oct,10,4
20231007,2023,7/10/2023,Saturday,October,Oct,10,4
20231008,2023,8/10/2023,Sunday,October,Oct,10,4
20231009,2023,9/10/2023,Monday,October,Oct,10,4
20231010,2023,10/10/2023,Tuesday,October,Oct,10,4
20231011,2023,11/10/2023,Wednesday,October,Oct,10,4
20231012,2023,12/10/2023,Thursday,October,Oct,10,4
20231013,2023,13/10/2023,Friday,October,Oct,10,4
20231014,2023,14/10/2023,Saturday,October,Oct,10,4
20231015,2023,15/10/2023,Sunday,October,Oct,10,4
20231016,2023,16/10/2023,Monday,October,Oct,10,4
20231017,2023,17/10/2023,Tuesday,October,Oct,10,4
20231018,2023,18/10/2023,Wednesday,October,Oct,10,4
20231019,2023,19/10/2023,Thursday,October,Oct,10,4
20231020,2023,20/10/2023,Friday,October,Oct,10,4
20231021,2023,21/10/2023,Saturday,October,Oct,10,4
20231022,2023,22/10/2023,Sunday,October,Oct,10,4
20231023,2023,23/10/2023,Monday,October,Oct,10,4
20231024,2023,24/10/2023,Tuesday,October,Oct,10,4
20231025,2023,25/10/2023,Wednesday,October,Oct,10,4
20231026,2023,26/10/2023,Thursday,October,Oct,10,4
20231027,2023,27/10/2023,Friday,October,Oct,10,4
20231028,2023,28/10/2023,Saturday,October,Oct,10,4
20231029,2023,29/10/2023,Sunday,October,Oct,10,4
20231030,2023,30/10/2023,Monday,October,Oct,10,4
20231031,2023,31/10/2023,Tuesday,October,Oct,10,4
20231101,2023,1/11/2023,Wednesday,November,Nov,11,4
20231102,2023,2/11/2023,Thursday,November,Nov,11,4
20231103,2023,3/11/2023,Friday,November,Nov,11,4
20231104,2023,4/11/2023,Saturday,November,Nov,11,4
20231105,2023,5/11/2023,Sunday,November,Nov,11,4
20231106,2023,6/11/2023,Monday,November,Nov,11,4
20231107,2023,7/11/2023,Tuesday,November,Nov,11,4
20231108,2023,8/11/2023,Wednesday,November,Nov,11,4
20231109,2023,9/11/2023,Thursday,November,Nov,11,4
20231110,2023,10/11/2023,Friday,November,Nov,11,4
20231111,2023,11/11/2023,Saturday,November,Nov,11,4
20231112,2023,12/11/2023,Sunday,November,Nov,11,4
20231113,2023,13/11/2023,Monday,November,Nov,11,4
20231114,2023,14/11/2023,Tuesday,November,Nov,11,4
20231115,2023,15/11/2023,Wednesday,November,Nov,11,4
20231116,2023,16/11/2023,Thursday,November,Nov,11,4
20231117,2023,17/11/2023,Friday,November,Nov,11,4
20231118,2023,18/11/2023,Saturday,November,Nov,11,4
20231119,2023,19/11/2023,Sunday,November,Nov,11,4
20231120,2023,20/11/2023,Monday,November,Nov,11,4
20231121,2023,21/11/2023,Tuesday,November,Nov,11,4
20231122,2023,22/11/2023,Wednesday,November,Nov,11,4
20231123,2023,23/11/2023,Thursday,November,Nov,11,4
20231124,2023,24/11/2023,Friday,November,Nov,11,4
20231125,2023,25/11/2023,Saturday,November,Nov,11,4
20231126,2023,26/11/2023,Sunday,November,Nov,11,4
20231127,2023,27/11/2023,Monday,November,Nov,11,4
20231128,2023,28/11/2023,Tuesday,November,Nov,11,4
20231129,2023,29/11/2023,Wednesday,November,Nov,11,4
20231130,2023,30/11/2023,Thursday,November,Nov,11,4
20231201,2023,1/12/2023,Friday,December,Dec,12,4
20231202,2023,2/12/2023,Saturday,December,Dec,12,4
20231203,2023,3/12/2023,Sunday,December,Dec,12,4
20231204,2023,4/12/2023,Monday,December,Dec,12,4
20231205,2023,5/12/2023,Tuesday,December,Dec,12,4
20231206,2023,6/12/2023,Wednesday,December,Dec,12,4
20231207,2023,7/12/2023,Thursday,December,Dec,12,4
20231208,2023,8/12/2023,Friday,December,Dec,12,4
20231209,2023,9/12/2023,Saturday,December,Dec,12,4
20231210,2023,10/12/2023,Sunday,December,Dec,12,4
20231211,2023,11/12/2023,Monday,December,Dec,12,4
20231212,2023,12/12/2023,Tuesday,December,Dec,12,4
20231213,2023,13/12/2023,Wednesday,December,Dec,12,4
20231214,2023,14/12/2023,Thursday,December,Dec,12,4
20231215,2023,15/12/2023,Friday,December,Dec,12,4
20231216,2023,16/12/2023,Saturday,December,Dec,12,4
20231217,2023,17/12/2023,Sunday,December,Dec,12,4
20231218,2023,18/12/2023,Monday,December,Dec,12,4
20231219,2023,19/12/2023,Tuesday,December,Dec,12,4
20231220,2023,20/12/2023,Wednesday,December,Dec,12,4
20231221,2023,21/12/2023,Thursday,December,Dec,12,4
20231222,2023,22/12/2023,Friday,December,Dec,12,4
20231223,2023,23/12/2023,Saturday,December,Dec,12,4
20231224,2023,24/12/2023,Sunday,December,Dec,12,4
20231225,2023,25/12/2023,Monday,December,Dec,12,4
20231226,2023,26/12/2023,Tuesday,December,Dec,12,4
20231227,2023,27/12/2023,Wednesday,December,Dec,12,4
20231228,2023,28/12/2023,Thursday,December,Dec,12,4
20231229,2023,29/12/2023,Friday,December,Dec,12,4
20231230,2023,30/12/2023,Saturday,December,Dec,12,4
20231231,2023,31/12/2023,Sunday,December,Dec,12,4
20240101,2024,1/1/2024,Monday,January,Jan,1,1
20240102,2024,2/1/2024,Tuesday,January,Jan,1,1
20240103,2024,3/1/2024,Wednesday,January,Jan,1,1
20240104,2024,4/1/2024,Thursday,January,Jan,1,1
20240105,2024,5/1/2024,Friday,January,Jan,1,1
20240106,2024,6/1/2024,Saturday,January,Jan,1,1
20240107,2024,7/1/2024,Sunday,January,Jan,1,1
20240108,2024,8/1/2024,Monday,January,Jan,1,1
20240109,2024,9/1/2024,Tuesday,January,Jan,1,1
20240110,2024,10/1/2024,Wednesday,January,Jan,1,1
20240111,2024,11/1/2024,Thursday,January,Jan,1,1
20240112,2024,12/1/2024,Friday,January,Jan,1,1
20240113,2024,13/1/2024,Saturday,January,Jan,1,1
20240114,2024,14/1/2024,Sunday,January,Jan,1,1
20240115,2024,15/1/2024,Monday,January,Jan,1,1
20240116,2024,16/1/2024,Tuesday,January,Jan,1,1
20240117,2024,17/1/2024,Wednesday,January,Jan,1,1
20240118,2024,18/1/2024,Thursday,January,Jan,1,1
20240119,2024,19/1/2024,Friday,January,Jan,1,1
20240120,2024,20/1/2024,Saturday,January,Jan,1,1
20240121,2024,21/1/2024,Sunday,January,Jan,1,1
20240122,2024,22/1/2024,Monday,January,Jan,1,1
20240123,2024,23/1/2024,Tuesday,January,Jan,1,1
20240124,2024,24/1/2024,Wednesday,January,Jan,1,1
20240125,2024,25/1/2024,Thursday,January,Jan,1,1
20240126,2024,26/1/2024,Friday,January,Jan,1,1
20240127,2024,27/1/2024,Saturday,January,Jan,1,1
20240128,2024,28/1/2024,Sunday,January,Jan,1,1
20240129,2024,29/1/2024,Monday,January,Jan,1,1
20240130,2024,30/1/2024,Tuesday,January,Jan,1,1
20240131,2024,31/1/2024,Wednesday,January,Jan,1,1
20240201,2024,1/2/2024,Thursday,February,Feb,2,1
20240202,2024,2/2/2024,Friday,February,Feb,2,1
20240203,2024,3/2/2024,Saturday,February,Feb,2,1
20240204,2024,4/2/2024,Sunday,February,Feb,2,1
20240205,2024,5/2/2024,Monday,February,Feb,2,1
20240206,2024,6/2/2024,Tuesday,February,Feb,2,1
20240207,2024,7/2/2024,Wednesday,February,Feb,2,1
20240208,2024,8/2/2024,Thursday,February,Feb,2,1
20240209,2024,9/2/2024,Friday,February,Feb,2,1
20240210,2024,10/2/2024,Saturday,February,Feb,2,1
20240211,2024,11/2/2024,Sunday,February,Feb,2,1
20240212,2024,12/2/2024,Monday,February,Feb,2,1
20240213,2024,13/2/2024,Tuesday,February,Feb,2,1
20240214,2024,14/2/2024,Wednesday,February,Feb,2,1
20240215,2024,15/2/2024,Thursday,February,Feb,2,1
20240216,2024,16/2/2024,Friday,February,Feb,2,1
20240217,2024,17/2/2024,Saturday,February,Feb,2,1
20240218,2024,18/2/2024,Sunday,February,Feb,2,1
20240219,2024,19/2/2024,Monday,February,Feb,2,1
20240220,2024,20/2/2024,Tuesday,February,Feb,2,1
20240221,2024,21/2/2024,Wednesday,February,Feb,2,1
20240222,2024,22/2/2024,Thursday,February,Feb,2,1
20240223,2024,23/2/2024,Friday,February,Feb,2,1
20240224,2024,24/2/2024,Saturday,February,Feb,2,1
20240225,2024,25/2/2024,Sunday,February,Feb,2,1
20240226,2024,26/2/2024,Monday,February,Feb,2,1
20240227,2024,27/2/2024,Tuesday,February,Feb,2,1
20240228,2024,28/2/2024,Wednesday,February,Feb,2,1
20240229,2024,29/2/2024,Thursday,February,Feb,2,1
20240301,2024,1/3/2024,Friday,March,Mar,3,1
20240302,2024,2/3/2024,Saturday,March,Mar,3,1
20240303,2024,3/3/2024,Sunday,March,Mar,3,1
20240304,2024,4/3/2024,Monday,March,Mar,3,1
20240305,2024,5/3/2024,Tuesday,March,Mar,3,1
20240306,2024,6/3/2024,Wednesday,March,Mar,3,1
20240307,2024,7/3/2024,Thursday,March,Mar,3,1
20240308,2024,8/3/2024,Friday,March,Mar,3,1
20240309,2024,9/3/2024,Saturday,March,Mar,3,1
20240310,2024,10/3/2024,Sunday,March,Mar,3,1
20240311,2024,11/3/2024,Monday,March,Mar,3,1
20240312,2024,12/3/2024,Tuesday,March,Mar,3,1
20240313,2024,13/3/2024,Wednesday,March,Mar,3,1
20240314,2024,14/3/2024,Thursday,March,Mar,3,1
20240315,2024,15/3/2024,Friday,March,Mar,3,1
20240316,2024,16/3/2024,Saturday,March,Mar,3,1
20240317,2024,17/3/2024,Sunday,March,Mar,3,1
20240318,2024,18/3/2024,Monday,March,Mar,3,1
20240319,2024,19/3/2024,Tuesday,March,Mar,3,1
20240320,2024,20/3/2024,Wednesday,March,Mar,3,1
20240321,2024,21/3/2024,Thursday,March,Mar,3,1
20240322,2024,22/3/2024,Friday,March,Mar,3,1
20240323,2024,23/3/2024,Saturday,March,Mar,3,1
20240324,2024,24/3/2024,Sunday,March,Mar,3,1
20240325,2024,25/3/2024,Monday,March,Mar,3,1
20240326,2024,26/3/2024,Tuesday,March,Mar,3,1
20240327,2024,27/3/2024,Wednesday,March,Mar,3,1
20240328,2024,28/3/2024,Thursday,March,Mar,3,1
20240329,2024,29/3/2024,Friday,March,Mar,3,1
20240330,2024,30/3/2024,Saturday,March,Mar,3,1
20240331,2024,31/3/2024,Sunday,March,Mar,3,1
20240401,2024,1/4/2024,Monday,April,Apr,4,2
20240402,2024,2/4/2024,Tuesday,April,Apr,4,2
20240403,2024,3/4/2024,Wednesday,April,Apr,4,2
20240404,2024,4/4/2024,Thursday,April,Apr,4,2
20240405,2024,5/4/2024,Friday,April,Apr,4,2
20240406,2024,6/4/2024,Saturday,April,Apr,4,2
20240407,2024,7/4/2024,Sunday,April,Apr,4,2
20240408,2024,8/4/2024,Monday,April,Apr,4,2
20240409,2024,9/4/2024,Tuesday,April,Apr,4,2
20240410,2024,10/4/2024,Wednesday,April,Apr,4,2
20240411,2024,11/4/2024,Thursday,April,Apr,4,2
20240412,2024,12/4/2024,Friday,April,Apr,4,2
20240413,2024,13/4/2024,Saturday,April,Apr,4,2
20240414,2024,14/4/2024,Sunday,April,Apr,4,2
20240415,2024,15/4/2024,Monday,April,Apr,4,2
20240416,2024,16/4/2024,Tuesday,April,Apr,4,2
20240417,2024,17/4/2024,Wednesday,April,Apr,4,2
20240418,2024,18/4/2024,Thursday,April,Apr,4,2
20240419,2024,19/4/2024,Friday,April,Apr,4,2
20240420,2024,20/4/2024,Saturday,April,Apr,4,2
20240421,2024,21/4/2024,Sunday,April,Apr,4,2
20240422,2024,22/4/2024,Monday,April,Apr,4,2
20240423,2024,23/4/2024,Tuesday,April,Apr,4,2
20240424,2024,24/4/2024,Wednesday,April,Apr,4,2
20240425,2024,25/4/2024,Thursday,April,Apr,4,2
20240426,2024,26/4/2024,Friday,April,Apr,4,2
20240427,2024,27/4/2024,Saturday,April,Apr,4,2
20240428,2024,28/4/2024,Sunday,April,Apr,4,2
20240429,2024,29/4/2024,Monday,April,Apr,4,2
20240430,2024,30/4/2024,Tuesday,April,Apr,4,2
20240501,2024,1/5/2024,Wednesday,May,May,5,2
20240502,2024,2/5/2024,Thursday,May,May,5,2
20240503,2024,3/5/2024,Friday,May,May,5,2
20240504,2024,4/5/2024,Saturday,May,May,5,2
20240505,2024,5/5/2024,Sunday,May,May,5,2
20240506,2024,6/5/2024,Monday,May,May,5,2
20240507,2024,7/5/2024,Tuesday,May,May,5,2
20240508,2024,8/5/2024,Wednesday,May,May,5,2
20240509,2024,9/5/2024,Thursday,May,May,5,2
20240510,2024,10/5/2024,Friday,May,May,5,2
20240511,2024,11/5/2024,Saturday,May,May,5,2
20240512,2024,12/5/2024,Sunday,May,May,5,2
20240513,2024,13/5/2024,Monday,May,May,5,2
20240514,2024,14/5/2024,Tuesday,May,May,5,2
20240515,2024,15/5/2024,Wednesday,May,May,5,2
20240516,2024,16/5/2024,Thursday,May,May,5,2
20240517,2024,17/5/2024,Friday,May,May,5,2
20240518,2024,18/5/2024,Saturday,May,May,5,2
20240519,2024,19/5/2024,Sunday,May,May,5,2
20240520,2024,20/5/2024,Monday,May,May,5,2
20240521,2024,21/5/2024,Tuesday,May,May,5,2
20240522,2024,22/5/2024,Wednesday,May,May,5,2
20240523,2024,23/5/2024,Thursday,May,May,5,2
20240524,2024,24/5/2024,Friday,May,May,5,2
20240525,2024,25/5/2024,Saturday,May,May,5,2
20240526,2024,26/5/2024,Sunday,May,May,5,2
20240527,2024,27/5/2024,Monday,May,May,5,2
20240528,2024,28/5/2024,Tuesday,May,May,5,2
20240529,2024,29/5/2024,Wednesday,May,May,5,2
20240530,2024,30/5/2024,Thursday,May,May,5,2
20240531,2024,31/5/2024,Friday,May,May,5,2
20240601,2024,1/6/2024,Saturday,June,Jun,6,2
20240602,2024,2/6/2024,Sunday,June,Jun,6,2
20240603,2024,3/6/2024,Monday,June,Jun,6,2
20240604,2024,4/6/2024,Tuesday,June,Jun,6,2
20240605,2024,5/6/2024,Wednesday,June,Jun,6,2
20240606,2024,6/6/2024,Thursday,June,Jun,6,2
20240607,2024,7/6/2024,Friday,June,Jun,6,2
20240608,2024,8/6/2024,Saturday,June,Jun,6,2
20240609,2024,9/6/2024,Sunday,June,Jun,6,2
20240610,2024,10/6/2024,Monday,June,Jun,6,2
20240611,2024,11/6/2024,Tuesday,June,Jun,6,2
20240612,2024,12/6/2024,Wednesday,June,Jun,6,2
20240613,2024,13/6/2024,Thursday,June,Jun,6,2
20240614,2024,14/6/2024,Friday,June,Jun,6,2
20240615,2024,15/6/2024,Saturday,June,Jun,6,2
20240616,2024,16/6/2024,Sunday,June,Jun,6,2
20240617,2024,17/6/2024,Monday,June,Jun,6,2
20240618,2024,18/6/2024,Tuesday,June,Jun,6,2
20240619,2024,19/6/2024,Wednesday,June,Jun,6,2
20240620,2024,20/6/2024,Thursday,June,Jun,6,2
20240621,2024,21/6/2024,Friday,June,Jun,6,2
20240622,2024,22/6/2024,Saturday,June,Jun,6,2
20240623,2024,23/6/2024,Sunday,June,Jun,6,2
20240624,2024,24/6/2024,Monday,June,Jun,6,2
20240625,2024,25/6/2024,Tuesday,June,Jun,6,2
20240626,2024,26/6/2024,Wednesday,June,Jun,6,2
20240627,2024,27/6/2024,Thursday,June,Jun,6,2
20240628,2024,28/6/2024,Friday,June,Jun,6,2
20240629,2024,29/6/2024,Saturday,June,Jun,6,2
20240630,2024,30/6/2024,Sunday,June,Jun,6,2
20240701,2024,1/7/2024,Monday,July,Jul,7,3
20240702,2024,2/7/2024,Tuesday,July,Jul,7,3
20240703,2024,3/7/2024,Wednesday,July,Jul,7,3
20240704,2024,4/7/2024,Thursday,July,Jul,7,3
20240705,2024,5/7/2024,Friday,July,Jul,7,3
20240706,2024,6/7/2024,Saturday,July,Jul,7,3
20240707,2024,7/7/2024,Sunday,July,Jul,7,3
20240708,2024,8/7/2024,Monday,July,Jul,7,3
20240709,2024,9/7/2024,Tuesday,July,Jul,7,3
20240710,2024,10/7/2024,Wednesday,July,Jul,7,3
20240711,2024,11/7/2024,Thursday,July,Jul,7,3
20240712,2024,12/7/2024,Friday,July,Jul,7,3
20240713,2024,13/7/2024,Saturday,July,Jul,7,3
20240714,2024,14/7/2024,Sunday,July,Jul,7,3
20240715,2024,15/7/2024,Monday,July,Jul,7,3
20240716,2024,16/7/2024,Tuesday,July,Jul,7,3
20240717,2024,17/7/2024,Wednesday,July,Jul,7,3
20240718,2024,18/7/2024,Thursday,July,Jul,7,3
20240719,2024,19/7/2024,Friday,July,Jul,7,3
20240720,2024,20/7/2024,Saturday,July,Jul,7,3
20240721,2024,21/7/2024,Sunday,July,Jul,7,3
20240722,2024,22/7/2024,Monday,July,Jul,7,3
20240723,2024,23/7/2024,Tuesday,July,Jul,7,3
20240724,2024,24/7/2024,Wednesday,July,Jul,7,3
20240725,2024,25/7/2024,Thursday,July,Jul,7,3
20240726,2024,26/7/2024,Friday,July,Jul,7,3
20240727,2024,27/7/2024,Saturday,July,Jul,7,3
20240728,2024,28/7/2024,Sunday,July,Jul,7,3
20240729,2024,29/7/2024,Monday,July,Jul,7,3
20240730,2024,30/7/2024,Tuesday,July,Jul,7,3
20240731,2024,31/7/2024,Wednesday,July,Jul,7,3
20240801,2024,1/8/2024,Thursday,August,Aug,8,3
20240802,2024,2/8/2024,Friday,August,Aug,8,3
20240803,2024,3/8/2024,Saturday,August,Aug,8,3
20240804,2024,4/8/2024,Sunday,August,Aug,8,3
20240805,2024,5/8/2024,Monday,August,Aug,8,3
20240806,2024,6/8/2024,Tuesday,August,Aug,8,3
20240807,2024,7/8/2024,Wednesday,August,Aug,8,3
20240808,2024,8/8/2024,Thursday,August,Aug,8,3
20240809,2024,9/8/2024,Friday,August,Aug,8,3
20240810,2024,10/8/2024,Saturday,August,Aug,8,3
20240811,2024,11/8/2024,Sunday,August,Aug,8,3
20240812,2024,12/8/2024,Monday,August,Aug,8,3
20240813,2024,13/8/2024,Tuesday,August,Aug,8,3
20240814,2024,14/8/2024,Wednesday,August,Aug,8,3
20240815,2024,15/8/2024,Thursday,August,Aug,8,3
20240816,2024,16/8/2024,Friday,August,Aug,8,3
20240817,2024,17/8/2024,Saturday,August,Aug,8,3
20240818,2024,18/8/2024,Sunday,August,Aug,8,3
20240819,2024,19/8/2024,Monday,August,Aug,8,3
20240820,2024,20/8/2024,Tuesday,August,Aug,8,3
20240821,2024,21/8/2024,Wednesday,August,Aug,8,3
20240822,2024,22/8/2024,Thursday,August,Aug,8,3
20240823,2024,23/8/2024,Friday,August,Aug,8,3
20240824,2024,24/8/2024,Saturday,August,Aug,8,3
20240825,2024,25/8/2024,Sunday,August,Aug,8,3
20240826,2024,26/8/2024,Monday,August,Aug,8,3
20240827,2024,27/8/2024,Tuesday,August,Aug,8,3
20240828,2024,28/8/2024,Wednesday,August,Aug,8,3
20240829,2024,29/8/2024,Thursday,August,Aug,8,3
20240830,2024,30/8/2024,Friday,August,Aug,8,3
20240831,2024,31/8/2024,Saturday,August,Aug,8,3
20240901,2024,1/9/2024,Sunday,September,Sep,9,3
20240902,2024,2/9/2024,Monday,September,Sep,9,3
20240903,2024,3/9/2024,Tuesday,September,Sep,9,3
20240904,2024,4/9/2024,Wednesday,September,Sep,9,3
20240905,2024,5/9/2024,Thursday,September,Sep,9,3
20240906,2024,6/9/2024,Friday,September,Sep,9,3
20240907,2024,7/9/2024,Saturday,September,Sep,9,3
20240908,2024,8/9/2024,Sunday,September,Sep,9,3
20240909,2024,9/9/2024,Monday,September,Sep,9,3
20240910,2024,10/9/2024,Tuesday,September,Sep,9,3
20240911,2024,11/9/2024,Wednesday,September,Sep,9,3
20240912,2024,12/9/2024,Thursday,September,Sep,9,3
20240913,2024,13/9/2024,Friday,September,Sep,9,3
20240914,2024,14/9/2024,Saturday,September,Sep,9,3
20240915,2024,15/9/2024,Sunday,September,Sep,9,3
20240916,2024,16/9/2024,Monday,September,Sep,9,3
20240917,2024,17/9/2024,Tuesday,September,Sep,9,3
20240918,2024,18/9/2024,Wednesday,September,Sep,9,3
20240919,2024,19/9/2024,Thursday,September,Sep,9,3
20240920,2024,20/9/2024,Friday,September,Sep,9,3
20240921,2024,21/9/2024,Saturday,September,Sep,9,3
20240922,2024,22/9/2024,Sunday,September,Sep,9,3
20240923,2024,23/9/2024,Monday,September,Sep,9,3
20240924,2024,24/9/2024,Tuesday,September,Sep,9,3
20240925,2024,25/9/2024,Wednesday,September,Sep,9,3
20240926,2024,26/9/2024,Thursday,September,Sep,9,3
20240927,2024,27/9/2024,Friday,September,Sep,9,3
20240928,2024,28/9/2024,Saturday,September,Sep,9,3
20240929,2024,29/9/2024,Sunday,September,Sep,9,3
20240930,2024,30/9/2024,Monday,September,Sep,9,3
20241001,2024,1/10/2024,Tuesday,October,Oct,10,4
20241002,2024,2/10/2024,Wednesday,October,Oct,10,4
20241003,2024,3/10/2024,Thursday,October,Oct,10,4
20241004,2024,4/10/2024,Friday,October,Oct,10,4
20241005,2024,5/10/2024,Saturday,October,Oct,10,4
20241006,2024,6/10/2024,Sunday,October,Oct,10,4
20241007,2024,7/10/2024,Monday,October,Oct,10,4
20241008,2024,8/10/2024,Tuesday,October,Oct,10,4
20241009,2024,9/10/2024,Wednesday,October,Oct,10,4
20241010,2024,10/10/2024,Thursday,October,Oct,10,4
20241011,2024,11/10/2024,Friday,October,Oct,10,4
20241012,2024,12/10/2024,Saturday,October,Oct,10,4
20241013,2024,13/10/2024,Sunday,October,Oct,10,4
20241014,2024,14/10/2024,Monday,October,Oct,10,4
20241015,2024,15/10/2024,Tuesday,October,Oct,10,4
20241016,2024,16/10/2024,Wednesday,October,Oct,10,4
20241017,2024,17/10/2024,Thursday,October,Oct,10,4
20241018,2024,18/10/2024,Friday,October,Oct,10,4
20241019,2024,19/10/2024,Saturday,October,Oct,10,4
20241020,2024,20/10/2024,Sunday,October,Oct,10,4
20241021,2024,21/10/2024,Monday,October,Oct,10,4
20241022,2024,22/10/2024,Tuesday,October,Oct,10,4
20241023,2024,23/10/2024,Wednesday,October,Oct,10,4
20241024,2024,24/10/2024,Thursday,October,Oct,10,4
20241025,2024,25/10/2024,Friday,October,Oct,10,4
20241026,2024,26/10/2024,Saturday,October,Oct,10,4
20241027,2024,27/10/2024,Sunday,October,Oct,10,4
20241028,2024,28/10/2024,Monday,October,Oct,10,4
20241029,2024,29/10/2024,Tuesday,October,Oct,10,4
20241030,2024,30/10/2024,Wednesday,October,Oct,10,4
20241031,2024,31/10/2024,Thursday,October,Oct,10,4
20241101,2024,1/11/2024,Friday,November,Nov,11,4
20241102,2024,2/11/2024,Saturday,November,Nov,11,4
20241103,2024,3/11/2024,Sunday,November,Nov,11,4
20241104,2024,4/11/2024,Monday,November,Nov,11,4
20241105,2024,5/11/2024,Tuesday,November,Nov,11,4
20241106,2024,6/11/2024,Wednesday,November,Nov,11,4
20241107,2024,7/11/2024,Thursday,November,Nov,11,4
20241108,2024,8/11/2024,Friday,November,Nov,11,4
20241109,2024,9/11/2024,Saturday,November,Nov,11,4
20241110,2024,10/11/2024,Sunday,November,Nov,11,4
20241111,2024,11/11/2024,Monday,November,Nov,11,4
20241112,2024,12/11/2024,Tuesday,November,Nov,11,4
20241113,2024,13/11/2024,Wednesday,November,Nov,11,4
20241114,2024,14/11/2024,Thursday,November,Nov,11,4
20241115,2024,15/11/2024,Friday,November,Nov,11,4
20241116,2024,16/11/2024,Saturday,November,Nov,11,4
20241117,2024,17/11/2024,Sunday,November,Nov,11,4
20241118,2024,18/11/2024,Monday,November,Nov,11,4
20241119,2024,19/11/2024,Tuesday,November,Nov,11,4
20241120,2024,20/11/2024,Wednesday,November,Nov,11,4
20241121,2024,21/11/2024,Thursday,November,Nov,11,4
20241122,2024,22/11/2024,Friday,November,Nov,11,4
20241123,2024,23/11/2024,Saturday,November,Nov,11,4
20241124,2024,24/11/2024,Sunday,November,Nov,11,4
20241125,2024,25/11/2024,Monday,November,Nov,11,4
20241126,2024,26/11/2024,Tuesday,November,Nov,11,4
20241127,2024,27/11/2024,Wednesday,November,Nov,11,4
20241128,2024,28/11/2024,Thursday,November,Nov,11,4
20241129,2024,29/11/2024,Friday,November,Nov,11,4
20241130,2024,30/11/2024,Saturday,November,Nov,11,4
20241201,2024,1/12/2024,Sunday,December,Dec,12,4
20241202,2024,2/12/2024,Monday,December,Dec,12,4
20241203,2024,3/12/2024,Tuesday,December,Dec,12,4
20241204,2024,4/12/2024,Wednesday,December,Dec,12,4
20241205,2024,5/12/2024,Thursday,December,Dec,12,4
20241206,2024,6/12/2024,Friday,December,Dec,12,4
20241207,2024,7/12/2024,Saturday,December,Dec,12,4
20241208,2024,8/12/2024,Sunday,December,Dec,12,4
20241209,2024,9/12/2024,Monday,December,Dec,12,4
20241210,2024,10/12/2024,Tuesday,December,Dec,12,4
20241211,2024,11/12/2024,Wednesday,December,Dec,12,4
20241212,2024,12/12/2024,Thursday,December,Dec,12,4
20241213,2024,13/12/2024,Friday,December,Dec,12,4
20241214,2024,14/12/2024,Saturday,December,Dec,12,4
20241215,2024,15/12/2024,Sunday,December,Dec,12,4
20241216,2024,16/12/2024,Monday,December,Dec,12,4
20241217,2024,17/12/2024,Tuesday,December,Dec,12,4
20241218,2024,18/12/2024,Wednesday,December,Dec,12,4
20241219,2024,19/12/2024,Thursday,December,Dec,12,4
20241220,2024,20/12/2024,Friday,December,Dec,12,4
20241221,2024,21/12/2024,Saturday,December,Dec,12,4
20241222,2024,22/12/2024,Sunday,December,Dec,12,4
20241223,2024,23/12/2024,Monday,December,Dec,12,4
20241224,2024,24/12/2024,Tuesday,December,Dec,12,4
20241225,2024,25/12/2024,Wednesday,December,Dec,12,4
20241226,2024,26/12/2024,Thursday,December,Dec,12,4
20241227,2024,27/12/2024,Friday,December,Dec,12,4
20241228,2024,28/12/2024,Saturday,December,Dec,12,4
20241229,2024,29/12/2024,Sunday,December,Dec,12,4
20241230,2024,30/12/2024,Monday,December,Dec,12,4
20241231,2024,31/12/2024,Tuesday,December,Dec,12,4
